Instancia;N_Itens;Algoritmo;Parametros;Melhor_Lucro;Otimo_Conhecido;Gap(%);Tempo_Medio(s);Iteracoes/Geracoes
P01;10;Busca Tabu;tabu_size=5, max_iterations=100;309;309;0.0;0.0017;100
P01;10;Busca Tabu;tabu_size=5, max_iterations=500;309;309;0.0;0.0084;500
P01;10;Busca Tabu;tabu_size=5, max_iterations=1000;309;309;0.0;0.0169;1000
P01;10;Busca Tabu;tabu_size=10, max_iterations=100;309;309;0.0;0.0002;10
P01;10;Busca Tabu;tabu_size=10, max_iterations=500;309;309;0.0;0.0003;10
P01;10;Busca Tabu;tabu_size=10, max_iterations=1000;309;309;0.0;0.0002;10
P01;10;Busca Tabu;tabu_size=20, max_iterations=100;309;309;0.0;0.0002;10
P01;10;Busca Tabu;tabu_size=20, max_iterations=500;309;309;0.0;0.0002;10
P01;10;Busca Tabu;tabu_size=20, max_iterations=1000;309;309;0.0;0.0002;10
P01;10;Algoritmo Genetico;pop_size=50, generations=100, crossover_rate=0.8, mutation_rate=0.01;309;309;0.0;0.0209;100
P01;10;Algoritmo Genetico;pop_size=50, generations=100, crossover_rate=0.8, mutation_rate=0.05;309;309;0.0;0.0226;100
P01;10;Algoritmo Genetico;pop_size=50, generations=500, crossover_rate=0.8, mutation_rate=0.01;309;309;0.0;0.0965;500
P01;10;Algoritmo Genetico;pop_size=50, generations=500, crossover_rate=0.8, mutation_rate=0.05;309;309;0.0;0.1022;500
P01;10;Algoritmo Genetico;pop_size=50, generations=1000, crossover_rate=0.8, mutation_rate=0.01;309;309;0.0;0.1947;1000
P01;10;Algoritmo Genetico;pop_size=50, generations=1000, crossover_rate=0.8, mutation_rate=0.05;309;309;0.0;0.2025;1000
P01;10;Algoritmo Genetico;pop_size=100, generations=100, crossover_rate=0.8, mutation_rate=0.01;309;309;0.0;0.0384;100
P01;10;Algoritmo Genetico;pop_size=100, generations=100, crossover_rate=0.8, mutation_rate=0.05;309;309;0.0;0.0412;100
P01;10;Algoritmo Genetico;pop_size=100, generations=500, crossover_rate=0.8, mutation_rate=0.01;309;309;0.0;0.1934;500
P01;10;Algoritmo Genetico;pop_size=100, generations=500, crossover_rate=0.8, mutation_rate=0.05;309;309;0.0;0.2094;500
P01;10;Algoritmo Genetico;pop_size=100, generations=1000, crossover_rate=0.8, mutation_rate=0.01;309;309;0.0;0.3835;1000
P01;10;Algoritmo Genetico;pop_size=100, generations=1000, crossover_rate=0.8, mutation_rate=0.05;309;309;0.0;0.4108;1000
P02;5;Busca Tabu;tabu_size=5, max_iterations=100;47;51;7.84;0.0;5
P02;5;Busca Tabu;tabu_size=5, max_iterations=500;47;51;7.84;0.0;5
P02;5;Busca Tabu;tabu_size=5, max_iterations=1000;47;51;7.84;0.0;5
P02;5;Busca Tabu;tabu_size=10, max_iterations=100;47;51;7.84;0.0;5
P02;5;Busca Tabu;tabu_size=10, max_iterations=500;47;51;7.84;0.0;5
P02;5;Busca Tabu;tabu_size=10, max_iterations=1000;47;51;7.84;0.0;5
P02;5;Busca Tabu;tabu_size=20, max_iterations=100;47;51;7.84;0.0;5
P02;5;Busca Tabu;tabu_size=20, max_iterations=500;47;51;7.84;0.0;5
P02;5;Busca Tabu;tabu_size=20, max_iterations=1000;47;51;7.84;0.0;5
P02;5;Algoritmo Genetico;pop_size=50, generations=100, crossover_rate=0.8, mutation_rate=0.01;51;51;0.0;0.0164;100
P02;5;Algoritmo Genetico;pop_size=50, generations=100, crossover_rate=0.8, mutation_rate=0.05;51;51;0.0;0.0166;100
P02;5;Algoritmo Genetico;pop_size=50, generations=500, crossover_rate=0.8, mutation_rate=0.01;51;51;0.0;0.082;500
P02;5;Algoritmo Genetico;pop_size=50, generations=500, crossover_rate=0.8, mutation_rate=0.05;51;51;0.0;0.0841;500
P02;5;Algoritmo Genetico;pop_size=50, generations=1000, crossover_rate=0.8, mutation_rate=0.01;51;51;0.0;0.1633;1000
P02;5;Algoritmo Genetico;pop_size=50, generations=1000, crossover_rate=0.8, mutation_rate=0.05;51;51;0.0;0.1683;1000
P02;5;Algoritmo Genetico;pop_size=100, generations=100, crossover_rate=0.8, mutation_rate=0.01;51;51;0.0;0.0333;100
P02;5;Algoritmo Genetico;pop_size=100, generations=100, crossover_rate=0.8, mutation_rate=0.05;51;51;0.0;0.0337;100
P02;5;Algoritmo Genetico;pop_size=100, generations=500, crossover_rate=0.8, mutation_rate=0.01;51;51;0.0;0.1682;500
P02;5;Algoritmo Genetico;pop_size=100, generations=500, crossover_rate=0.8, mutation_rate=0.05;51;51;0.0;0.1758;500
P02;5;Algoritmo Genetico;pop_size=100, generations=1000, crossover_rate=0.8, mutation_rate=0.01;51;51;0.0;0.3309;1000
P02;5;Algoritmo Genetico;pop_size=100, generations=1000, crossover_rate=0.8, mutation_rate=0.05;51;51;0.0;0.3353;1000
P03;6;Busca Tabu;tabu_size=5, max_iterations=100;150;150;0.0;0.0007;100
P03;6;Busca Tabu;tabu_size=5, max_iterations=500;150;150;0.0;0.0037;500
P03;6;Busca Tabu;tabu_size=5, max_iterations=1000;150;150;0.0;0.0072;1000
P03;6;Busca Tabu;tabu_size=10, max_iterations=100;150;150;0.0;0.0001;7
P03;6;Busca Tabu;tabu_size=10, max_iterations=500;150;150;0.0;0.0001;7
P03;6;Busca Tabu;tabu_size=10, max_iterations=1000;150;150;0.0;0.0001;7
P03;6;Busca Tabu;tabu_size=20, max_iterations=100;150;150;0.0;0.0001;7
P03;6;Busca Tabu;tabu_size=20, max_iterations=500;150;150;0.0;0.0001;7
P03;6;Busca Tabu;tabu_size=20, max_iterations=1000;150;150;0.0;0.0001;7
P03;6;Algoritmo Genetico;pop_size=50, generations=100, crossover_rate=0.8, mutation_rate=0.01;150;150;0.0;0.0168;100
P03;6;Algoritmo Genetico;pop_size=50, generations=100, crossover_rate=0.8, mutation_rate=0.05;150;150;0.0;0.0177;100
P03;6;Algoritmo Genetico;pop_size=50, generations=500, crossover_rate=0.8, mutation_rate=0.01;150;150;0.0;0.0837;500
P03;6;Algoritmo Genetico;pop_size=50, generations=500, crossover_rate=0.8, mutation_rate=0.05;150;150;0.0;0.0873;500
P03;6;Algoritmo Genetico;pop_size=50, generations=1000, crossover_rate=0.8, mutation_rate=0.01;150;150;0.0;0.1688;1000
P03;6;Algoritmo Genetico;pop_size=50, generations=1000, crossover_rate=0.8, mutation_rate=0.05;150;150;0.0;0.1731;1000
P03;6;Algoritmo Genetico;pop_size=100, generations=100, crossover_rate=0.8, mutation_rate=0.01;150;150;0.0;0.0336;100
P03;6;Algoritmo Genetico;pop_size=100, generations=100, crossover_rate=0.8, mutation_rate=0.05;150;150;0.0;0.0356;100
P03;6;Algoritmo Genetico;pop_size=100, generations=500, crossover_rate=0.8, mutation_rate=0.01;150;150;0.0;0.1688;500
P03;6;Algoritmo Genetico;pop_size=100, generations=500, crossover_rate=0.8, mutation_rate=0.05;150;150;0.0;0.1742;500
P03;6;Algoritmo Genetico;pop_size=100, generations=1000, crossover_rate=0.8, mutation_rate=0.01;150;150;0.0;0.3385;1000
P03;6;Algoritmo Genetico;pop_size=100, generations=1000, crossover_rate=0.8, mutation_rate=0.05;150;150;0.0;0.3506;1000
P04;7;Busca Tabu;tabu_size=5, max_iterations=100;107;107;0.0;0.0009;100
P04;7;Busca Tabu;tabu_size=5, max_iterations=500;107;107;0.0;0.0047;500
P04;7;Busca Tabu;tabu_size=5, max_iterations=1000;107;107;0.0;0.0095;1000
P04;7;Busca Tabu;tabu_size=10, max_iterations=100;107;107;0.0;0.0001;8
P04;7;Busca Tabu;tabu_size=10, max_iterations=500;107;107;0.0;0.0001;8
P04;7;Busca Tabu;tabu_size=10, max_iterations=1000;107;107;0.0;0.0001;8
P04;7;Busca Tabu;tabu_size=20, max_iterations=100;107;107;0.0;0.0001;8
P04;7;Busca Tabu;tabu_size=20, max_iterations=500;107;107;0.0;0.0001;8
P04;7;Busca Tabu;tabu_size=20, max_iterations=1000;107;107;0.0;0.0001;8
P04;7;Algoritmo Genetico;pop_size=50, generations=100, crossover_rate=0.8, mutation_rate=0.01;107;107;0.0;0.0174;100
P04;7;Algoritmo Genetico;pop_size=50, generations=100, crossover_rate=0.8, mutation_rate=0.05;107;107;0.0;0.0187;100
P04;7;Algoritmo Genetico;pop_size=50, generations=500, crossover_rate=0.8, mutation_rate=0.01;107;107;0.0;0.0904;500
P04;7;Algoritmo Genetico;pop_size=50, generations=500, crossover_rate=0.8, mutation_rate=0.05;107;107;0.0;0.0911;500
P04;7;Algoritmo Genetico;pop_size=50, generations=1000, crossover_rate=0.8, mutation_rate=0.01;107;107;0.0;0.1762;1000
P04;7;Algoritmo Genetico;pop_size=50, generations=1000, crossover_rate=0.8, mutation_rate=0.05;107;107;0.0;0.1789;1000
P04;7;Algoritmo Genetico;pop_size=100, generations=100, crossover_rate=0.8, mutation_rate=0.01;107;107;0.0;0.0354;100
P04;7;Algoritmo Genetico;pop_size=100, generations=100, crossover_rate=0.8, mutation_rate=0.05;107;107;0.0;0.0369;100
P04;7;Algoritmo Genetico;pop_size=100, generations=500, crossover_rate=0.8, mutation_rate=0.01;107;107;0.0;0.1754;500
P04;7;Algoritmo Genetico;pop_size=100, generations=500, crossover_rate=0.8, mutation_rate=0.05;107;107;0.0;0.1823;500
P04;7;Algoritmo Genetico;pop_size=100, generations=1000, crossover_rate=0.8, mutation_rate=0.01;107;107;0.0;0.3508;1000
P04;7;Algoritmo Genetico;pop_size=100, generations=1000, crossover_rate=0.8, mutation_rate=0.05;107;107;0.0;0.3658;1000
P05;8;Busca Tabu;tabu_size=5, max_iterations=100;858;900;4.67;0.0011;100
P05;8;Busca Tabu;tabu_size=5, max_iterations=500;858;900;4.67;0.0052;500
P05;8;Busca Tabu;tabu_size=5, max_iterations=1000;858;900;4.67;0.0105;1000
P05;8;Busca Tabu;tabu_size=10, max_iterations=100;858;900;4.67;0.0001;8
P05;8;Busca Tabu;tabu_size=10, max_iterations=500;858;900;4.67;0.0001;8
P05;8;Busca Tabu;tabu_size=10, max_iterations=1000;858;900;4.67;0.0001;8
P05;8;Busca Tabu;tabu_size=20, max_iterations=100;858;900;4.67;0.0001;8
P05;8;Busca Tabu;tabu_size=20, max_iterations=500;858;900;4.67;0.0001;8
P05;8;Busca Tabu;tabu_size=20, max_iterations=1000;858;900;4.67;0.0001;8
P05;8;Algoritmo Genetico;pop_size=50, generations=100, crossover_rate=0.8, mutation_rate=0.01;900;900;0.0;0.018;100
P05;8;Algoritmo Genetico;pop_size=50, generations=100, crossover_rate=0.8, mutation_rate=0.05;900;900;0.0;0.0189;100
P05;8;Algoritmo Genetico;pop_size=50, generations=500, crossover_rate=0.8, mutation_rate=0.01;900;900;0.0;0.0917;500
P05;8;Algoritmo Genetico;pop_size=50, generations=500, crossover_rate=0.8, mutation_rate=0.05;900;900;0.0;0.0938;500
P05;8;Algoritmo Genetico;pop_size=50, generations=1000, crossover_rate=0.8, mutation_rate=0.01;900;900;0.0;0.1805;1000
P05;8;Algoritmo Genetico;pop_size=50, generations=1000, crossover_rate=0.8, mutation_rate=0.05;900;900;0.0;0.1866;1000
P05;8;Algoritmo Genetico;pop_size=100, generations=100, crossover_rate=0.8, mutation_rate=0.01;900;900;0.0;0.0374;100
P05;8;Algoritmo Genetico;pop_size=100, generations=100, crossover_rate=0.8, mutation_rate=0.05;900;900;0.0;0.0375;100
P05;8;Algoritmo Genetico;pop_size=100, generations=500, crossover_rate=0.8, mutation_rate=0.01;900;900;0.0;0.1823;500
P05;8;Algoritmo Genetico;pop_size=100, generations=500, crossover_rate=0.8, mutation_rate=0.05;900;900;0.0;0.1904;500
P05;8;Algoritmo Genetico;pop_size=100, generations=1000, crossover_rate=0.8, mutation_rate=0.01;900;900;0.0;0.3624;1000
P05;8;Algoritmo Genetico;pop_size=100, generations=1000, crossover_rate=0.8, mutation_rate=0.05;900;900;0.0;0.3776;1000
P06;7;Busca Tabu;tabu_size=5, max_iterations=100;1735;1735;0.0;0.001;100
P06;7;Busca Tabu;tabu_size=5, max_iterations=500;1735;1735;0.0;0.0052;500
P06;7;Busca Tabu;tabu_size=5, max_iterations=1000;1735;1735;0.0;0.0103;1000
P06;7;Busca Tabu;tabu_size=10, max_iterations=100;1735;1735;0.0;0.0001;9
P06;7;Busca Tabu;tabu_size=10, max_iterations=500;1735;1735;0.0;0.0001;9
P06;7;Busca Tabu;tabu_size=10, max_iterations=1000;1735;1735;0.0;0.0001;9
P06;7;Busca Tabu;tabu_size=20, max_iterations=100;1735;1735;0.0;0.0001;9
P06;7;Busca Tabu;tabu_size=20, max_iterations=500;1735;1735;0.0;0.0001;9
P06;7;Busca Tabu;tabu_size=20, max_iterations=1000;1735;1735;0.0;0.0001;9
P06;7;Algoritmo Genetico;pop_size=50, generations=100, crossover_rate=0.8, mutation_rate=0.01;1735;1735;0.0;0.0178;100
P06;7;Algoritmo Genetico;pop_size=50, generations=100, crossover_rate=0.8, mutation_rate=0.05;1735;1735;0.0;0.0185;100
P06;7;Algoritmo Genetico;pop_size=50, generations=500, crossover_rate=0.8, mutation_rate=0.01;1735;1735;0.0;0.0884;500
P06;7;Algoritmo Genetico;pop_size=50, generations=500, crossover_rate=0.8, mutation_rate=0.05;1735;1735;0.0;0.0925;500
P06;7;Algoritmo Genetico;pop_size=50, generations=1000, crossover_rate=0.8, mutation_rate=0.01;1735;1735;0.0;0.1759;1000
P06;7;Algoritmo Genetico;pop_size=50, generations=1000, crossover_rate=0.8, mutation_rate=0.05;1735;1735;0.0;0.1837;1000
P06;7;Algoritmo Genetico;pop_size=100, generations=100, crossover_rate=0.8, mutation_rate=0.01;1735;1735;0.0;0.0361;100
P06;7;Algoritmo Genetico;pop_size=100, generations=100, crossover_rate=0.8, mutation_rate=0.05;1735;1735;0.0;0.038;100
P06;7;Algoritmo Genetico;pop_size=100, generations=500, crossover_rate=0.8, mutation_rate=0.01;1735;1735;0.0;0.1794;500
P06;7;Algoritmo Genetico;pop_size=100, generations=500, crossover_rate=0.8, mutation_rate=0.05;1735;1735;0.0;0.1845;500
P06;7;Algoritmo Genetico;pop_size=100, generations=1000, crossover_rate=0.8, mutation_rate=0.01;1735;1735;0.0;0.352;1000
P06;7;Algoritmo Genetico;pop_size=100, generations=1000, crossover_rate=0.8, mutation_rate=0.05;1735;1735;0.0;0.372;1000
P07;15;Busca Tabu;tabu_size=5, max_iterations=100;1456;1458;0.14;0.0034;100
P07;15;Busca Tabu;tabu_size=5, max_iterations=500;1456;1458;0.14;0.0246;500
P07;15;Busca Tabu;tabu_size=5, max_iterations=1000;1456;1458;0.14;0.0337;1000
P07;15;Busca Tabu;tabu_size=10, max_iterations=100;1456;1458;0.14;0.0031;100
P07;15;Busca Tabu;tabu_size=10, max_iterations=500;1456;1458;0.14;0.0158;500
P07;15;Busca Tabu;tabu_size=10, max_iterations=1000;1456;1458;0.14;0.0316;1000
P07;15;Busca Tabu;tabu_size=20, max_iterations=100;1456;1458;0.14;0.0007;16
P07;15;Busca Tabu;tabu_size=20, max_iterations=500;1456;1458;0.14;0.0005;16
P07;15;Busca Tabu;tabu_size=20, max_iterations=1000;1456;1458;0.14;0.0005;16
P07;15;Algoritmo Genetico;pop_size=50, generations=100, crossover_rate=0.8, mutation_rate=0.01;1458;1458;0.0;0.0216;100
P07;15;Algoritmo Genetico;pop_size=50, generations=100, crossover_rate=0.8, mutation_rate=0.05;1458;1458;0.0;0.0236;100
P07;15;Algoritmo Genetico;pop_size=50, generations=500, crossover_rate=0.8, mutation_rate=0.01;1458;1458;0.0;0.1088;500
P07;15;Algoritmo Genetico;pop_size=50, generations=500, crossover_rate=0.8, mutation_rate=0.05;1458;1458;0.0;0.117;500
P07;15;Algoritmo Genetico;pop_size=50, generations=1000, crossover_rate=0.8, mutation_rate=0.01;1458;1458;0.0;0.2197;1000
P07;15;Algoritmo Genetico;pop_size=50, generations=1000, crossover_rate=0.8, mutation_rate=0.05;1458;1458;0.0;0.2327;1000
P07;15;Algoritmo Genetico;pop_size=100, generations=100, crossover_rate=0.8, mutation_rate=0.01;1458;1458;0.0;0.0453;100
P07;15;Algoritmo Genetico;pop_size=100, generations=100, crossover_rate=0.8, mutation_rate=0.05;1458;1458;0.0;0.0482;100
P07;15;Algoritmo Genetico;pop_size=100, generations=500, crossover_rate=0.8, mutation_rate=0.01;1458;1458;0.0;0.2184;500
P07;15;Algoritmo Genetico;pop_size=100, generations=500, crossover_rate=0.8, mutation_rate=0.05;1458;1458;0.0;0.2343;500
P07;15;Algoritmo Genetico;pop_size=100, generations=1000, crossover_rate=0.8, mutation_rate=0.01;1458;1458;0.0;0.4374;1000
P07;15;Algoritmo Genetico;pop_size=100, generations=1000, crossover_rate=0.8, mutation_rate=0.05;1458;1458;0.0;0.4685;1000
P08;24;Busca Tabu;tabu_size=5, max_iterations=100;13415886;13549094;0.98;0.008;100
P08;24;Busca Tabu;tabu_size=5, max_iterations=500;13415886;13549094;0.98;0.0402;500
P08;24;Busca Tabu;tabu_size=5, max_iterations=1000;13415886;13549094;0.98;0.0802;1000
P08;24;Busca Tabu;tabu_size=10, max_iterations=100;13415886;13549094;0.98;0.008;100
P08;24;Busca Tabu;tabu_size=10, max_iterations=500;13415886;13549094;0.98;0.0407;500
P08;24;Busca Tabu;tabu_size=10, max_iterations=1000;13415886;13549094;0.98;0.0801;1000
P08;24;Busca Tabu;tabu_size=20, max_iterations=100;13449995;13549094;0.73;0.0071;100
P08;24;Busca Tabu;tabu_size=20, max_iterations=500;13449995;13549094;0.73;0.0348;500
P08;24;Busca Tabu;tabu_size=20, max_iterations=1000;13449995;13549094;0.73;0.0685;1000
P08;24;Algoritmo Genetico;pop_size=50, generations=100, crossover_rate=0.8, mutation_rate=0.01;13501943;13549094;0.35;0.0297;100
P08;24;Algoritmo Genetico;pop_size=50, generations=100, crossover_rate=0.8, mutation_rate=0.05;13549094;13549094;0.0;0.0324;100
P08;24;Algoritmo Genetico;pop_size=50, generations=500, crossover_rate=0.8, mutation_rate=0.01;13549094;13549094;0.0;0.1488;500
P08;24;Algoritmo Genetico;pop_size=50, generations=500, crossover_rate=0.8, mutation_rate=0.05;13549094;13549094;0.0;0.1599;500
P08;24;Algoritmo Genetico;pop_size=50, generations=1000, crossover_rate=0.8, mutation_rate=0.01;13505878;13549094;0.32;0.2963;1000
P08;24;Algoritmo Genetico;pop_size=50, generations=1000, crossover_rate=0.8, mutation_rate=0.05;13549094;13549094;0.0;0.3143;1000
P08;24;Algoritmo Genetico;pop_size=100, generations=100, crossover_rate=0.8, mutation_rate=0.01;13549094;13549094;0.0;0.0582;100
P08;24;Algoritmo Genetico;pop_size=100, generations=100, crossover_rate=0.8, mutation_rate=0.05;13549094;13549094;0.0;0.0642;100
P08;24;Algoritmo Genetico;pop_size=100, generations=500, crossover_rate=0.8, mutation_rate=0.01;13505878;13549094;0.32;0.2885;500
P08;24;Algoritmo Genetico;pop_size=100, generations=500, crossover_rate=0.8, mutation_rate=0.05;13549094;13549094;0.0;0.3185;500
P08;24;Algoritmo Genetico;pop_size=100, generations=1000, crossover_rate=0.8, mutation_rate=0.01;13505878;13549094;0.32;0.5765;1000
P08;24;Algoritmo Genetico;pop_size=100, generations=1000, crossover_rate=0.8, mutation_rate=0.05;13549094;13549094;0.0;0.6354;1000
knapPI_1_100;100;Busca Tabu;tabu_size=5, max_iterations=100;8817;9147;3.61;0.1039;100
knapPI_1_100;100;Busca Tabu;tabu_size=5, max_iterations=500;8817;9147;3.61;0.5303;500
knapPI_1_100;100;Busca Tabu;tabu_size=5, max_iterations=1000;8817;9147;3.61;10.506;1000
knapPI_1_100;100;Busca Tabu;tabu_size=10, max_iterations=100;8817;9147;3.61;0.1053;100
knapPI_1_100;100;Busca Tabu;tabu_size=10, max_iterations=500;8817;9147;3.61;0.5249;500
knapPI_1_100;100;Busca Tabu;tabu_size=10, max_iterations=1000;8817;9147;3.61;10.582;1000
knapPI_1_100;100;Busca Tabu;tabu_size=20, max_iterations=100;8817;9147;3.61;0.1052;100
knapPI_1_100;100;Busca Tabu;tabu_size=20, max_iterations=500;8817;9147;3.61;0.5278;500
knapPI_1_100;100;Busca Tabu;tabu_size=20, max_iterations=1000;8817;9147;3.61;10.644;1000
knapPI_1_100;100;Algoritmo Genetico;pop_size=50, generations=100, crossover_rate=0.8, mutation_rate=0.01;9147;9147;0.0;0.0838;100
knapPI_1_100;100;Algoritmo Genetico;pop_size=50, generations=100, crossover_rate=0.8, mutation_rate=0.05;9147;9147;0.0;0.0893;100
knapPI_1_100;100;Algoritmo Genetico;pop_size=50, generations=500, crossover_rate=0.8, mutation_rate=0.01;9147;9147;0.0;0.3895;500
knapPI_1_100;100;Algoritmo Genetico;pop_size=50, generations=500, crossover_rate=0.8, mutation_rate=0.05;9147;9147;0.0;0.4379;500
knapPI_1_100;100;Algoritmo Genetico;pop_size=50, generations=1000, crossover_rate=0.8, mutation_rate=0.01;9147;9147;0.0;0.7764;1000
knapPI_1_100;100;Algoritmo Genetico;pop_size=50, generations=1000, crossover_rate=0.8, mutation_rate=0.05;9147;9147;0.0;0.879;1000
knapPI_1_100;100;Algoritmo Genetico;pop_size=100, generations=100, crossover_rate=0.8, mutation_rate=0.01;9147;9147;0.0;0.1598;100
knapPI_1_100;100;Algoritmo Genetico;pop_size=100, generations=100, crossover_rate=0.8, mutation_rate=0.05;9147;9147;0.0;0.1801;100
knapPI_1_100;100;Algoritmo Genetico;pop_size=100, generations=500, crossover_rate=0.8, mutation_rate=0.01;9147;9147;0.0;0.7802;500
knapPI_1_100;100;Algoritmo Genetico;pop_size=100, generations=500, crossover_rate=0.8, mutation_rate=0.05;9147;9147;0.0;0.8857;500
knapPI_1_100;100;Algoritmo Genetico;pop_size=100, generations=1000, crossover_rate=0.8, mutation_rate=0.01;9147;9147;0.0;15.571;1000
knapPI_1_100;100;Algoritmo Genetico;pop_size=100, generations=1000, crossover_rate=0.8, mutation_rate=0.05;9147;9147;0.0;17.618;1000
